title,is_fake,prob_fake
"Роскомнадзор представил реестр сочетаний цветов, нежелательных в России",1,0.9998798370361328
Ночью под Минском на президентской горе Беларашмор (Пик Демократии) внезапно появилось лицо Николая Лукашенко,1,0.9999793767929077
Бывший спичрайтер Юрия Лозы рассказал о трудностях работы с Сергеем Шойгу,0,3.740315878530964e-05
"Сельская церковь, собравшая рекордно низкое количество пожертвований, сгорела от тройного попадания молнии",1,0.9999779462814331
Акции Google рухнули после объявления о перезапуске RuTube,0,0.0001198009485960938
Курс доллара вырос до исторического максимума,0,2.1115341951372102e-05
ОПЕК назвала оптимальный уровень цен на нефть,0,0.00012631704157683998
Российская авиакомпания откроет рейсы в Тбилиси с Урала,0,2.236703221569769e-05
Швейцарская горнолыжница расстреляна в доме родителей,1,0.8418054580688477
Учреждена театральная премия имени Гарольда Пинтера,0,6.43203966319561e-05
Песков опроверг информацию о слиянии Минфина и Минэкономразвития,0,9.222067455993965e-05
В рамках акции «Елка желаний» министр науки и высшего образования исполнил мечту Алисы Тепляковой и подарил ей красный диплом МГУ,1,0.999971866607666
Главного злодея в сериале «Этерна» сыграет Роман Мадянов,0,0.0008245791541412473
Таркан признался в употреблении кокаина,0,8.477133815176785e-05
В Екатеринбурге завершился «процесс над бесами»,1,0.9907146692276001
Дэниел Крейг поселится в доме с призраками,0,3.543348066159524e-05
Новый тренер «Спартака» покинет клуб до конца года,0,6.289789598667994e-05
Биткоин затмил Ким Кардашьян,0,2.9968588933115825e-05
На фоне сообщений о победе «Единой России» на выборах в Госдуму немецкий индекс DAX упал до рекордно низкого уровня,1,0.9999819993972778
Илларионов призвал сменить в России государственное устройство,0,0.00031115676392801106
Суд приговорил Навального к трём годам домашнего ареста в СИЗО-1,1,0.9999544620513916
Роберт Стуруа согласился перейти в театр Александра Калягина,1,0.9603360295295715
Слуцкий оценил соперника ЦСКА в Лиге чемпионов,0,2.6299892851966433e-05
Tequilajazzz представит Журнал живого в Икре,0,0.00010819038288900629
Все члены КПРФ обязаны принять православие до 1 сентября 2021 года,1,0.9998892545700073
В лонг-лист премии Нос вошли Эдуард Лимонов и Саша Соколов,0,0.00017141751595772803
Невакцинированные граждане не смогут проголосовать на выборах в Госдуму,1,0.9999454021453857
Названы лауреаты Финансовой элиты России за пять лет,0,5.2778454119106755e-05
Нафтогаз Украины выплатил часть долга за газ,0,5.074314321973361e-05
Чиновники сдадут ЕГЭ по Конституции,0,0.00010152435424970463
Майкл Джексон даст серию концертов в Лондоне,0,4.395186988404021e-05
С 2022 года номера России на «Евровидении» будут утверждаться Госсоветом,1,0.9999364614486694
Суд в Казани признал вкладчиков Finiko невменяемыми и отправил их на принудительное лечение,1,0.9999786615371704
Дональд Трамп открыл счёт в Сбербанке,0,0.0020341239869594574
Ubisoft выпустит антологию серии Assassins Creed,0,0.00010340576409362257
Писатель рассказал об отношении Люка Скайуокера к геям,0,9.941137977875769e-05
Ученые записали музыку древнейших звезд Млечного Пути,0,9.317683725384995e-05
Во время учений в Риге солдаты НАТО распяли русскоговорящего мальчика,1,0.9999631643295288
Козак нашел в России островок стабильности,0,2.9186103347456083e-05
Мэрдок отказался от инвестиций в российский телебизнес,0,2.6948015147354454e-05
Контрабандисты попытались вывезти из России партию артиллерийских снарядов под видом глушителей для Tesla,1,0.9999691247940063
"В Грузии нашли 11 780 голосов Трампа, отданных за него на президентских выборах в США",1,0.9510563611984253
Конфликтная ситуация вокруг ОАО Зангас исчерпана,0,0.0034245536662638187
Christies устроит экологический аукцион,0,9.196257451549172e-05
В России запретят репетиторство,1,0.9997840523719788
Apple заблокировала iphone Артемия Лебедева за публикацию «ложных материалов» о Юлии Навальной,1,0.9999767541885376
Конституционный суд признал недействительным манифест об отмене крепостного права,1,0.9999696016311646
Чтение молитвы «Отче наш» на скорость войдёт в обновлённый список нормативов ГТО,1,0.9999748468399048
Показана мумия древнего чиновника,0,5.070652696304023e-05
Пётр Толстой после победы на думских выборах вернёт потомственное дворянство,1,0.9999667406082153
Русская галерея искусств проведет аукцион жанровой живописи,0,0.013311037793755531
В правительстве РФ назвали причиной нехватки инноваций дорогую нефть,0,0.019797204062342644
Илья Ковальчук получил травму колена,1,0.9995158910751343
«Росатом» построит АЭС в Афганистане,0,0.0001509094872744754
Анонсирован медиаплеер с 3D-дисплеем,0,3.6795529013033956e-05
Гендиректор Ryanair поблагодарил Белоруссию за «образцовую отработку сигнала о ЧП на борту самолёта»,1,0.9999600648880005
Заместитель мэра латвийского города пожаловался на невозможность реабилитации нацизма,1,0.9999598264694214
Обзор рынков: Google потерял в цене,0,3.156487946398556e-05
За неделю московские квартиры подорожали на процент,0,0.0026987765450030565
«Спартак» пропустил четыре мяча от «Краснодара» в чемпионате России,0,6.358310929499567e-05
Госдума может приравнять имена нацистских преступников к нецензурной брани,1,0.9999539852142334
Майкл Джексон по-прежнему делит постель с детьми,0,6.818005203967914e-05
«Лучший коньяк в мире - дагестанский»: в Париже найдены неизвестные письма Наполеона,1,0.9999771118164062
Минпросвещения поддержало необходимость создания списков неблагонадежных подростков,1,0.999967098236084
Уилл Феррелл поможет Офису пережить уход Стива Карелла,0,4.778994480147958e-05
Пользователи YouTube без премиум-подписки смогут смотреть только рекламу,0,0.0014119037659838796
"В Белоруссии задержали группу кавказцев, пытавшихся под видом сирийских беженцев попасть в Польшу",1,0.9999798536300659
"Суд оправдал водителя, который ехал с закрытыми глазами, чтобы не видеть Новокузнецк",1,0.9999767541885376
Организаторы боя Ибрагимов — Холифилд привезли Путину чемпионский пояс,0,4.213359716231935e-05
В Петербурге открылся музей сосулек,0,0.38505131006240845
На игру по книгам Джейн Остин собрали деньги,0,0.12776194512844086
Горбушка пообещала Microsoft окончательно избавиться от пиратов,1,0.9970571994781494
BP назвала Россию виновником снижения мировых запасов нефти,0,0.00010165182902710512
Денис Мантуров сообщил о возрождении легкой промышленности в России,0,0.07987276464700699
Казахстан ограничил продажу российской водки и пива,0,7.28237719158642e-05
Гражданам без московской прописки временно запретят пользоваться столичным метро,1,0.9999628067016602
Гонщик NASCAR назвал свою бывшую девушку наемным убийцей,0,3.407745680306107e-05
Скончался гитарист Ramones Джонни Рамон,0,0.0010578088695183396
Богатейшие люди мира потеряли 11 миллиардов долларов за день,0,3.7027184589533135e-05
В Омске создадут центр ремонта и модернизации танков,1,0.9988264441490173
Кубок Кремля остался без первой ракетки,0,4.8194066039286554e-05
«Зенит» согласовал трёхлетний контракт с Лионелем Месси,0,0.00015772161714266986
Мосарбитраж оставил под арестом акции дочерних компаний ЮКОСа,0,6.162602949189022e-05
Мексика прекратила поставлять в Россию грузовики ЗИЛ-130 из-за санкций США,0,0.06943029910326004
Производство иномарок в России выросло втрое за десять лет,0,6.219373608473688e-05
Минздрав разработал методику лечения гомосексуализма,0,0.0005437217187136412
Сборная Белоруссии по футболу откажется от турниров под эгидой УЕФА в пользу первенства Азии,1,0.9999314546585083
В Перми откроют курсы моэлей для ищущей себя молодежи,0,0.34221839904785156
В мавзолее состоялись плановые учения по выносу тела Ленина,0,0.03870469331741333
ВМФ России не откажется от аварийной системы пожаротушения на атомных субмаринах,1,0.9998877048492432
Олег Дерипаска пригласил Сергея Лаврова и Настю Рыбку в совместное путешествие на яхте,1,0.9999759197235107
Украина запретила импорт птицы из России,1,0.6592503190040588
ФСИН заберёт за долги гонорары «скопинского маньяка»,1,0.8273410797119141
Найдена самая благоприятная для жизни экзопланета,0,8.161841833498329e-05
DС Сomics представили нового супергероя Крепкий орешек,0,0.001615649787709117
Пожаловавшуюся на «ржавую» воду из-под крана пенсионерку отключили от водопровода,1,0.9999299049377441
У женщин-военнослужащих начали изымать неуставные бюстгальтеры,1,0.9999581575393677
Общественники предложили разрешить многожёнство в отдельных регионах России,1,0.9999393224716187
«Вот где настоящее воровство»: Чубайс предложил пересмотреть итоги «грабительской» приватизации жилья,1,0.99997878074646
Коммунисты заложили первый камень в фундамент храма на месте покушения на В.И.Ленина,1,0.9999533891677856
Работники Deutsche Telekom начали первую забастовку за последние 10 лет,0,0.00017065019346773624
Студентам экономических вузов будут объяснять принципы инвестирования на примере сказочных героев,1,0.9999821186065674
На месте поджога газохимического комплекса в Новом Уренгое задержан Николай Десятниченко,1,0.9999747276306152
Леонид Меламед официально стал гендиректором МТС,0,7.734086830168962e-05
Эротический 3D-фильм Гаспара Ноэ выйдет в российский прокат,0,3.6269339034333825e-05
МЧС начнёт рассылать смс-сообщения с информацией о помощи другим странам,0,0.001933025079779327
Американский актер подал в суд на Википедию,0,0.0005980596761219203
Капков попросил у москвичей недорогих идей городского праздника,0,0.0007956090266816318
Самовольно расчищавшего дорогу тракториста обвинили в воровстве снега,1,0.9582858085632324
«Вакцина будет только для евреев»: мордовский врач хитростью вакцинировал целый район,1,0.9999744892120361
"Лукашенко лишил Мисс Беларуси звания майора КГБ после того, как она не смогла отличить роторную жатку от обмолота",1,0.9999772310256958
"ГИБДД определит перечень музыки, разрешённой к прослушиванию в автомобилях",1,0.9999681711196899
"Россияне массово вызывают скорую помощь, чтобы поздравить врачей с профессиональным праздником",1,0.9999792575836182
Apple запустила кампанию по обмену зарядных устройств,0,3.5032873711315915e-05
Ультраправые консерваторы потребовали уменьшить сумму компенсации семье Джорджа Флойда с 27 до 22 миллионов долларов,1,0.9998966455459595
Лидер НХЛ проиграл второй матч подряд,0,2.9107803129591048e-05
Минюст признал Сколково иностранным агентом,1,0.9997599720954895
Российское СП купило крупнейший металлургический комбинат Хорватии за 12 центов,0,0.0001981562381843105
В китайских провинциях проходят шествия и карнавалы в честь второй годовщины пандемии коронавируса,1,0.9999805688858032
"«Цены в сотни раз ниже, чем на Рублёвском шоссе»: министр экономического развития обвинил регионы в демпинге",1,0.9999785423278809
Лейтенант Тайлер из Подводной лодки U-571 сражается с драконами,0,0.35367897152900696
В Санкт-Петербурге пройдет фестиваль аудиовизуального искусства Yota Space,1,0.9998916387557983
Активисты Black Lives Matter вышли на улицы европейских столиц с портретами президента Чада,1,0.9988848567008972
Снятие наличных для россиян будет доступно только после предъявления QR-кода,1,0.9999732971191406
Вместе с WTC погибла православная церковь,0,0.0009707235149107873
Международный союз биатлонистов обвинили в сокрытии допинг-проб россиян,1,0.9838505387306213
На борьбу с кризисом чиновники потратили 342 миллиарда рублей,0,8.297788735944778e-05
Армстронг обвинил в употреблении допинга всех велогонщиков,0,3.7038131267763674e-05
Индекс РТС поднялся до максимума с сентября 2008 года,0,0.00024156352446880192
В 2001 году пенсии в России возрастут на 40 процентов,0,0.0019007117953151464
Time включил Александра Лукашенко в список самых влиятельных людей мира,1,0.986786425113678
США потерпели первое поражение на чемпионате мира по хоккею,0,3.1719049729872495e-05
«Первый канал» предложил Ваенге представить Россию на «Евровидении»,1,0.9999682903289795
Фуркад призвал IBU наказать уличенных в употреблении допинга россиян,0,0.3020232319831848
Армения попросила у России и трех банков миллиард долларов,0,4.2457031668163836e-05
Ракета Тополь поразила цель в Казахстане,0,3.5580644180299714e-05
Глава Сухого признал задержку с поставками Superjet,0,0.00040273083141073585
На детском мероприятии в Ельцин-центре устроили поедание кексов с изображением Сталина,1,0.999970555305481
Умерла партнерша Рудольфа Нуреева и легенда балета Иветт Шовире,0,0.0015989686362445354
"В учебниках математики появятся главы, посвящённые Сталинградской битве",1,0.9999737739562988
Железнодорожные тарифы будут едиными для всех,0,0.00022242250270210207
"Школьницы, родившие ребёнка до выпуска, получат дополнительно 30 баллов ЕГЭ",1,0.9999388456344604
Горечь от потерь России в Сирии навеяла мысли о Калмыкии,0,9.216977196047083e-05
Россиянам разрешат брать продукты из мусорных контейнеров только после предъявления пенсионного удостоверения,1,0.9999769926071167
В Великобритании появились пять двойников Газпрома,0,0.007693866733461618
НХЛ и профсоюз игроков подписали завершивший локаут меморандум,0,0.001472013653255999
"Полиция разыскивает более ста шаманов, идущих в сторону Москвы",0,0.008306683972477913
Эксперт указал на неназначенный в ворота «Спартака» пенальти в матче с ЦСКА,1,0.9996919631958008
Россия начала разработку универсальной артустановки для ВДВ,0,0.025529440492391586
МВД опубликовало список нежелательных тем для шуток и разошлет его юмористам,1,0.9316737651824951
"В воде, которой польские пограничники поливают мигрантов, нашли «Новичок»",1,0.9999452829360962
Актер Федор Добронравов попал в больницу,0,0.00013461757043842226
ОАК оставила единственного покупателя без Ту-214,0,3.0053703085286543e-05
В Алтайском крае прошёл митинг за возобновление продажи леса в Китай,0,0.047062233090400696
Рядом с телом Джона Макафи обнаружили визитку Касперского,0,1.891354622785002e-05
МВД Белоруссии возбудило уголовное дело против Гитлера за срыв 4 посевных и 5 уборочных,1,0.999964714050293
В России введут штрафы за хранение ртутных градусников,1,0.9999533891677856
Москва передаст Капотню Тамбову,1,0.9998360872268677
МГТУ им. Баумана назовут в честь Сергия Радонежского,1,0.9843430519104004
Пётр Толстой предложил 9 мая светить фонариками в защиту ветеранов,1,0.9997283816337585
"Суд оправдал официантов, подмешивавших вакцину от COVID-19 в пиво посетителям бара",1,0.9999723434448242
Мутко опроверг наличие мельдония в допинг-пробах футболисток сборной России,0,0.00020967067393939942
Apple замедлит смартфоны белых пользователей,0,3.2467225537402555e-05
Манижа будет выступать на Евровидении под нейтральным флагом,1,0.9999184608459473
"Из русского языка убирают слова, необходимые для оппозиционной деятельности",1,0.9999669790267944
Европа решила в угоду США перейти на американский газ,0,2.4529415895813145e-05
Роман Абрамович купил лондонский футбольный клуб Челси,0,8.378923666896299e-05
Halo 3 оказалась прибыльней Человека-паука и Гарри Поттера,0,2.8710566766676493e-05
Основатель Eidos Montreal покинул студию,0,3.69698136637453e-05
"Скончался ветеран Пентагона, создавший плеяду анекдотов про Чапаева",1,0.999936580657959
Ким Чен Ын подарил Александру Лукашенко бронепоезд для международных поездок,1,0.9999274015426636
Экологи во всем мире заговорили об угрозе глобального похолодания,0,4.212109706713818e-05
"У нас свободная страна: Лукашенко заявил, что не может запретить людям гулять около польской границы",1,0.9999798536300659
Пентагон попытается сбить сошедший с орбиты спутник 21 февраля,0,0.00020409395801834762
ОМОН разогнал митинг в поддержку сотрудников ОМОН,0,0.001714254729449749
Подарочные карты iTunes разрешили оплачивать «Яндекс.Деньгами»,1,0.9999395608901978
«Сбербанк» добавил караоке в мобильное приложение,0,0.318782240152359
Спикер парламента сообщил о начале периода распродаж мест в Госдуме,0,0.005218556150794029
Китайская государственная “Корпорация развития” выкупила у США замороженную с 1990-х годов доменную зону Сибири,1,0.9999773502349854
Начальник полиции Нижневартовска уволен за раскрытие школьникам уязвимых мест ОМОНа,1,0.9999746084213257
В России запретят майонез,1,0.9999498128890991
"Аккредитация «Панорамы» в Госдуме, новые приключения Петрова и Боширова, борьба с чешской угрозой и запрет алкоголя на майские праздники в нашей еженедельной рубрике «Панорама недели»",1,0.9999792575836182
ЕСПЧ обязал Роскомнадзор ускорить Twitter на два месяца,1,0.6020385026931763
Компаниям из России придется вернуть 45 миллиардов долларов долгов за три месяца,0,4.822559640160762e-05
Гран-при фестиваля КРОК получил французский мультфильм,0,0.00032773453858681023
Россия оставила закрытой тему ЗСТ между Украиной и ЕС,0,0.0002033110213233158
Станислав Черчесов возглавит список «Родины» на выборах в Госдуму,1,0.9999740123748779
Борьбу с глобальным потеплением признали экономически невыгодной,0,0.0003674096369650215
Во льдах Антарктиды нашли замороженного человека в форме ефрейтора Третьего рейха,1,0.9999592304229736
В аргентинской провинции нашли похищенную скрипку Страдивари,0,0.12276484817266464
Спасатели нашли обломки самолета певицы Риверы,0,2.842399953806307e-05
РПЦ назначила Максима Шевченко новым архиереем Бакинской епархии,1,0.9998286962509155
МЭА спрогнозировало рост цен на нефть после 2017 года,0,0.0004102653474546969
Околоземное пространство предложили чистить лазером,0,9.996099834097549e-05
К российским олимпийцам впервые с 1988 года приставят компетентных сотрудников,1,0.9987419247627258
Британская легкоатлетка выиграла 91 тысячу с девяти долларов,0,4.5631295506609604e-05
"Лебеди из покрышек, балкон-склад, отсутствие толерантности и другие полезные лайфхаки для необразованного Запада",1,0.9999791383743286
Путин представил кандидатуру Набиуллиной для назначения главой ЦБ на второй срок,1,0.7739490270614624
Доллар упал ниже 53 рублей,0,2.899023274949286e-05
ДНК возьмется за темную материю,1,0.9801378846168518
Россия поможет Филиппинам пережить войну в Персидском заливе,1,0.9999288320541382
«Американского психопата» превратили в бродвейский мюзикл,0,0.00038841014611534774
Московских проституток обязали тестировать клиентов на COVID-19,1,0.9990609288215637
"РАЕН установила, что Израиль управляется евреями",1,0.9074325561523438
Улицу у посольства США в Москве переименуют в честь Ли Харви Освальда,1,0.9999041557312012
Ученые оценили число разумных цивилизаций во Вселенной,0,3.1774237868376076e-05
Китай снимает запрет на поедание сырых летучих мышей для вакцинированных от COVID-19,1,0.9999738931655884
Китайский ЦБ снизил базовую ставку для борьбы с кризисом,0,5.5278618674492463e-05
Обладателей Русского Букера приравняли к нобелиатам,0,2.5584953618817963e-05
В России могут вернуть раздельное обучение в школах,1,0.9999653100967407
Баллы России на «Евровидении» будут распределены между пострадавшими от её действий странами,1,0.9999756813049316
«Газпром» объявил тарифы на бесплатную газификацию частных домов,1,0.9999085664749146
Новый адвокат Навального попросил суд изменить условное наказание на реальное,1,0.9999734163284302
«Маразм крепчал»: Дмитрий Киселев покажет документальный фильм о старческой деменции Байдена,1,0.9999736547470093
Навальный приобрёл виллу на берегу озера Комо,0,0.1228296086192131
Россиян обяжут пересдавать на водительские права каждые 5 лет,1,0.999968409538269
Из-за аварии на деньгохранилище «Норникеля» в озеро Пясино попало 26 миллиардов рублей,1,0.9979200959205627
Московская школа закупила тренажёры Кегеля для уроков физкультуры,1,0.8049345016479492
Главу итальянского партнера «Сухого» арестовали за взятки,1,0.9993496537208557
"В Екатеринбурге врачи отрезали ногу пациенту с ветрянкой, а затем провели уникальную операцию по ее пришиванию",1,0.9999760389328003
Microsoft обнародовала цену и дату релиза консоли Xbox One,0,2.04679472517455e-05
Московские власти подарят ветеранам на 9 мая бесплатные билеты в экстрим-парк,1,0.9995607733726501
Посольство КНДР требует изменить дизайн противопожарных плакатов из-за «недопустимых намёков»,1,0.9999746084213257
Голодец попросила Путина повысить МРОТ,0,4.2162610043305904e-05
Глава Отдела внешних сношений РПЦ провёл крестный ход против коронавируса в Ницце,1,0.9999669790267944
В связи с беспрецедентными туманами Сергей Лавров пригласил президента Польши посетить Москву,1,0.9999804496765137
Белоруссия отказалась вводить альтернативные торги валютой,0,9.534296987112612e-05
Плесневые грибы оказались способны к сексу,0,3.4699845855357125e-05
Налоговики России и Австралии обещали не обирать олимпийцев,0,2.4640054107294418e-05
ВЦИОМ: «Большинство россиян высказались за увеличение пенсионного возраста»,1,0.9999309778213501
Владимир Путин пообещал Константину Цзю помочь с изданием книги,0,0.0011340463533997536
Пенсионный фонд станет наследником первой очереди,1,0.8244583606719971
IBM представила интеллектуальную корпоративную информационную систему,0,0.0017527044983580709
Акции Sothebys за месяц упали на 25 процентов,0,6.79489821777679e-05
Минсельхоз ограничит экспорт ячменя пошлиной,0,4.180754694971256e-05
Западная технология для разложения России: на шоу Соловьёва призвали отказаться от идей демократии,1,0.9999797344207764
Спартак предложил Романцеву остаться,0,2.3770437110215425e-05
Центр Гамалеи запустит в Москве мобильные пункты вакцинации ГамВаген,1,0.9999653100967407
Астронавты шаттла Индевор завершили второй выход в открытый космос,0,0.00014620189904235303
Волонтёрам переписи населения разрешат вскрывать двери,0,0.015995008870959282
Американская футболистка обвинила в домогательствах 81-летнего Блаттера,0,3.788806134252809e-05
Бретт Ратнер отказался продюсировать церемонию вручения Оскаров,0,0.00010375127021688968
Глава российской погранслужбы сообщил о полной готовности к наплыву беженцев из Европы,1,0.9999700784683228
Мадридский золотой треугольник искусств установил рекорд,0,0.0002641061437316239
В Думе утвердили список веских причин для преклонения колен на территории РФ,1,0.9999316930770874
Карякин проиграл в первом матче на чемпионате мира по рапиду и блицу,0,2.810239493555855e-05
Обнаружен новый тип «липовых» бюро кредитных историй,0,2.841630339389667e-05
Посольство Узбекистана не мешало Борису Акунину въехать в страну,0,0.00010759531141957268
Сотрудников ФБК проверят на причастность к исчезновению Александра Мураховского,1,0.99996018409729
Для борьбы с клещевым энцефалитом в России увеличат вырубку лесов,0,0.04870360717177391
"Пенсионеры, не получившие подарочных карт на выборах, готовятся штурмовать Свердловский облизбирком",1,0.9999762773513794
Испытания роботокомлекса «Турель» в ДНР попали на видео,0,0.004583211150020361
Клуб болельщиков Динамо прекратил прием новых членов,0,6.00996681896504e-05
Google извинился за баг с исчезновением Израиля с сервисных карт компании,0,7.82012939453125e-05
В Ульяновской области дети получат овощную корзину вместо сладких подарков,1,0.9999688863754272
В Москве похоронили Людмилу Гурченко,0,0.0005443092668429017
В польских школах запретили изучать деление,1,0.9998990297317505
Европа пригрозила Греции экономическими санкциями,0,3.5303291952004656e-05
«Роскосмос» анонсировал перестройку космодрома Восточный под TikTok-хаус,1,0.9999632835388184
В России на законодательном уровне запретят критиковать цены,1,0.9974945783615112
Партия запретила миллиарду китайцев смотреть на Анджелину Джоли,0,4.850204641115852e-05
Роскосмос планирует перейти на пуски в Minecraft,0,0.0003195878816768527
Рогозин пообещал распилить МКС перед затоплением в океане,0,0.005824193358421326
Определились четвертьфинальные пары хоккейного турнира на Олимпиаде,0,3.338160604471341e-05
Две подлодки типа Щука доставили на утилизацию на нидерландском судне,1,0.765364944934845
Велосипедисты без страховых полисов ответят по закону,1,0.9911326766014099
Четвертый фильм о Гарри Поттере покажут сразу в двух форматах,0,0.0001434185542166233
Россия наращивает поставки ракет класса «земля-воздух» в Турцию,1,0.9999371767044067
Влияние мобильных телефонов на рак показали на крысах,0,0.0827353298664093
Роуэн Аткинсон сыграет Боширова в сериале Netflix «Прага – Солсбери»,0,0.00011830325092887506
Началась работа над бродвейским мюзиклом о Кинг-Конге,0,4.3039941374445334e-05
Нурмагомедов выдвинул UFC ультиматум,0,0.0156761072576046
Плющенко устроил дрифт на снегоходе,0,4.951822847942822e-05
Правнук Берии подал иск о плагиате к создателям аниме «Тетрадь смерти»*,1,0.981270968914032
«Росатом» опроверг слухи об ограничении коммерческих поставок урана в США,1,0.9986613988876343
Банк России резко поднял курсы доллара и евро,0,2.762854091997724e-05
Описан механизм уничтожения аборигенов и экосистем Америки,0,0.000272073142696172
Создатели «Веселой фермы» сделали игру о елочных украшениях,0,2.906574991357047e-05
"Гимнастка из Узбекистана поехала на Чемпионат мира, чтобы спасти больного сына",1,0.9941144585609436
"Нападение Байдена на Россию, годовщина Крымской весны, демонтаж камеры фиксации нарушений ПДД на Рублёвке и русский борщ в нашей еженедельной рубрике «Панорама недели»",1,0.9999783039093018
Милан Кундера стал почетным гражданином Брно,0,6.759985262760893e-05
Украина нашла средства для расчета с Газпромом,0,4.0187136619351804e-05
ФАС изучит пасьянс «Косынка» на предмет возникновения нерешаемых раскладов,1,0.9999414682388306
Мария Шарапова выиграла первый турнир в сезоне,0,0.00016693220823071897
Футболист Арсенала выбыл из строя до конца сезона,0,2.1527032004087232e-05
ЕСПЧ признан нежелательной организацией на территории РФ,1,0.9999117851257324
Каспаров и Крамник догоняют Широва,0,3.252284659538418e-05
МОК включил в программу зимних Олимпиад четыре новые дисциплины,0,8.522044663550332e-05
Спартак стал победителем турнира Efes Pilsen Cup,0,4.7154666390269995e-05
Нефть дорожает из-за холодов в США,0,0.0016486728563904762
На ж/д переезде Рублево-Успенского шоссе установили шлагбаумы для поездов,1,0.9616224765777588
Китайские фанаты напали на тренера футбольной сборной,0,3.2613443181617185e-05
Приостановка полетов японских «Лайнеров мечты» обвалила акции Boeing,0,0.00010423916683066636
"У полицейского в Хабаровском крае изъяли остров, принадлежащий Китаю c 2016 года",1,0.9999700784683228
Гонкуровская премия досталась афганскому писателю,0,3.212496085325256e-05
На сайте ФСИН появилась вакансия палача,1,0.9922471046447754
Минпросвещения объявило об отмене выходных для школьников на майские праздники,1,0.9999719858169556
"В Кургане начали подбрасывать отраву в мусорные баки для борьбы с пенсионерами, растаскивающими мусор",1,0.9999794960021973
В длинный список Бунинской премии вошли 60 книг,0,5.31720434082672e-05
Лукашенко приказал отправить белорусских футболистов на урановые рудники,1,0.9979448914527893
Работающих во время «нерабочих» дней москвичей принудительно вакцинируют от коронавируса,1,0.9999790191650391
Для концерта «Океана Ельзи» в Петербурге нашлась площадка,0,0.008148791268467903
С этого всё начинается: Яровая предложила запретить россиянам покупать виртуальное оружие в играх,1,0.999980092048645
Трамп отчитался об экономической победе над Китаем,0,7.645650475751609e-05
За ношение символики ФБК введут уголовную ответственность,0,0.0005604841862805188
«Реал» включил футболиста сборной России в заявку на Лигу чемпионов,0,2.9149912734283134e-05
«Должно быть в каждом субъекте Федерации»: Минобороны планирует увеличить количество Суворовских училищ,1,0.9999804496765137
Мария Бутина не сможет избираться в Госдуму из-за судимости,1,0.9999051094055176
"Минздрав: «Дефицита чипов у нас пока нет, склады заполнены с запасом»",1,0.9999637603759766
Минфин предложил уволить каждого пятого федерального чиновника,0,4.111806629225612e-05
"Трансгендер, участвовавший в захвате Капитолия, оправдан и выпущен на свободу",1,0.9999809265136719
Дочка Рособоронэкспорта займется авиаперевозками,0,6.291763565968722e-05
Учителей обяжут заплатить налог за каждый подаренный им букет,0,0.0009735660278238356
Эминема пригласили на церемонию введения в Зал славы рок-н-ролла,0,2.568268791947048e-05
Минэкономразвития дало свою оценку по спаду промпроизводства в октябре,0,8.500568947056308e-05
Грета Тунберг подала в суд на стокгольмскую ТЭЦ из-за сосулек в своей квартире,1,0.999933123588562
Отец Нурмагомедова простил Макгрегора,0,0.00010480310447746888
Электронный Воннегут опередит бумажного,1,0.9989008903503418
Кубок Федерации по теннису выиграли итальянки,0,2.7097068596049212e-05
Дональду Трампу заблокировали счета в Сбербанке,0,0.01241542212665081
ВЦИОМ: 77 процентов российских феминисток лишь притворяются феминистками,0,0.28446173667907715
В Москве на Signal Dome выступят Ancient Methods,0,4.2082352592842653e-05
Дефицит бюджета США достиг 666 миллиардов долларов,0,4.141288809478283e-05
Итальянская фирма Cristofari опровегла информацию о туалетном ёршике за 700 евро,0,0.0015806900337338448
Blizzard анонсировала игру Diablo III,0,5.6805758504197e-05
Американский аналитик: «Набиуллина мешает порвать нам в клочья российскую экономику»,1,0.9999655485153198
Роскомнадзор уберёт из учебников истории изображения Шарля де Голля,0,0.3497728407382965
Спортивным директором РФС стал Николай Писарев,0,3.487377398414537e-05
Вышел первый трейлер нового фильма Вачовски,0,2.0914452761644498e-05
Акции Apple побили исторический рекорд,0,6.217262125574052e-05
Ющенко обвинил Россию в монополизации рынка ядерного топлива,0,4.886300666839816e-05
Несовершеннолетним запретят перекрашивать волосы,1,0.9998863935470581
Победившая Медведеву российская фигуристка вновь стала лидером Гран-при,0,0.454129695892334
В честь 30-летнего юбилея екатеринбургскому метрополитену подарили храм,1,0.9986996650695801
ВКС России по просьбе запрещённой террористической группировки Талибан проведут антитеррористическую операцию против мятежников в Панджшерском ущелье,1,0.9999814033508301
На время наводнения Крым признают украинским,1,0.99988853931427
Певица Manizha станет обликом России на ВДНХ,0,0.21154937148094177
Генетики научились считать молекулы ДНК и РНК,0,2.1073417883599177e-05
Еврокомиссар назвал российский газовый сектор неподходящим для санкций,0,0.05037207528948784
Киев обратился к ЮНЕСКО с просьбой получить право называть борщ украинским,0,0.0031110811978578568
МВД пообещало 8 марта не реагировать на все сообщения о домашнем насилии женщин в отношении мужчин,1,0.999977707862854
Иллюстрации к книгам про Винни Пуха выставят на аукцион,0,0.0007275461684912443
Объявлена дата начала продаж в России самого тонкого смартфона,0,0.00016129460709635168
Евровидение выделило квоту на призовые места для чернокожих исполнителей,0,0.059263721108436584
Социальная сеть Вконтакте откажется от текстового ввода,0,0.008728119544684887
Лидеру Манчестер Юнайтед разбили лицо в матче с Ромой,0,2.3774449800839648e-05
Шойгу обратится с новогодним поздравлением к россиянам из Киева,1,0.908003032207489
В России введут штрафы за кашель и чиханье в общественных местах,1,0.9999736547470093
"Северокорейская вона стала первой в новейшей истории валютой, полностью обеспеченной золотом",1,0.9999568462371826
После ухода из Кирова «Победы» подорожали железнодорожные билеты,1,0.9996620416641235
Британская армия получила новые эвакуаторы,0,0.00014421282685361803
Работникам государственных предприятий разрешат выдать годовую премию спиртными напитками,1,0.999967098236084
Петров и Боширов стали членами Общественной палаты России,1,0.9995644688606262
Умер бывший тренер сборной Италии Энцо Беарзот,0,2.5195153284585103e-05
Знаменитый бразильский футболист Ромарио объявлен в розыск,0,0.0003041811869479716
В России учредили День работника сайта «Госуслуги»,0,0.016966920346021652
Решение о возвращении государству Столичной водки вступило в силу,1,0.9993088245391846
2021 год объявлен годом прав и свобод человека в России,1,0.9999023675918579
«Зенит» разгромил тульский «Арсенал» в первом туре чемпионата России,0,0.00012035593681503087
Тимченко разрешили вложиться в краснодарские яблоки,0,2.278667307109572e-05
Потерянный лунный камень обнаружился в кабинете губернатора Гавайев,0,0.04099583998322487
Минюст объявил о ликвидации основанного В.И.Лениным «Общества чистых тарелок»,1,0.9999743700027466
В РПЦ предложили перенести Новый год на 13 января,1,0.9999287128448486
Квентин Тарантино объявил себя наследником Эдисона,0,7.027470564935356e-05
Ангела Меркель предложила выплатить пенсионерам и военным по 2000 евро накануне выборов в Бундестаг,1,0.9999645948410034
«Правильно говорить здешний»: в Институте русского языка утвердили новое название тутового шелкопряда,1,0.9999821186065674
Микроавтобусы УАЗ с 2022 года получат освещение салона,1,0.9994494318962097
Санкт-Петербург вводит QR-коды для посещения пунктов вакцинации,1,0.9999604225158691
CD Projekt RED опровергла прекращение разработки серии «Ведьмак»,0,7.224903674796224e-05
На хакерском конкурсе взломали iPhone 4S и Galaxy S III,0,0.07167869061231613
Создатель Восставшего из ада сделает его римейк,0,3.5101598768960685e-05
Великобритания предложила обменять Навального на Скрипаля,1,0.9798011779785156
Сбербанк будет выдавать потребительский кредит на смену пола,1,0.9998528957366943
Lexus объявил о создании летающей доски-ховерборда,0,0.003057904075831175
Элайджа Вуд поможет Вину Дизелю в охоте на ведьм,0,0.060482900589704514
Акции ЗАО Российская федерация восстанавливаются на фоне окончания протестов,1,0.9993384480476379
Обзор рынков: акции Microsoft подешевели на шесть процентов,0,0.00027609997778199613
Станислав Черчесов: «Готов возглавить сборную Англии»,1,0.9999526739120483
Оскар 2007: Сценариста Маленькой мисс Счастье признали лучшим,1,0.9376723170280457
Форсирование науки как метод поднятия с колен,0,6.105349166318774e-05
Лучшую мать Кореи поместили на банкноту,0,4.622409323928878e-05
Министерство просвещения запретило перегородки в школьных туалетах,1,0.9025208353996277
Новогодние выходные сократят до трёх дней,1,0.9999244213104248
В Сибири запретят всю непищевую продукцию со спиртом,1,0.9999401569366455
Комитет Госдумы по шахматам даст правовую оценку ходам Яна Непомнящего в партии с Магнусом Карлсеном,1,0.9999762773513794
На праймериз «Единой России» зарегистрировалось полмиллиона сторонников Навального,1,0.9999603033065796
При регистрации в Twitter россиян автоматически подпишут на аккаунт Навального,1,0.9999635219573975
Названы лауреаты премии Триумф за 2002 год,0,8.342934597749263e-05
На фестивале KUBANA выступит Михаил Боярский,0,5.976344982627779e-05
Новый альбом Эми Уайнхаус выйдет в декабре 2011 года,0,4.764228651765734e-05
В России появится новая категория льготников дети 90-х,1,0.9999299049377441
Правительство распорядилось о выплатах по старым вкладам,0,2.8786096663679928e-05
В марсианской сере нашли следы жизни,0,5.9769889048766345e-05
МОК обосновал пожизненное отстранение олимпийского чемпиона Сочи Зубкова,0,6.49862049613148e-05
Жириновский закончил встречу с избирателями лозунгом За Единую Россию!,1,0.9998732805252075
Чиновники передадут недоеденные продукты с новогодних банкетов пенсионерам и многодетным семьям,1,0.9999769926071167
#РИФМЫ НЕДЕЛИ,1,0.6831555962562561
"«Глазоньки узковаты, но цвет кожи белый»: Байден исключил японцев из списка угнетенных",1,0.9999759197235107
Gearbox Software перезапустит Дюка Нюкема,0,0.0005250881076790392
26 апреля — премьера марихуанной комедии Спасите Грейс!,0,0.11487896740436554
Игорь Коротченко: «Дали американцам пинок под зад»,1,0.9778205156326294
Неизвестный передал пропавший портрет на выставку,1,0.9975008368492126
В 2009 году РВСН запустят 14 баллистических ракет,0,0.0016178126679733396
"Американцу, по ошибке отсидевшему 15 лет за плевок в полицейского, выплатят 1000 долларов",1,0.9999759197235107
Российской фигуристке попала в рот муха во время танца,0,0.3444404602050781
Путин и Байден договорились о следующей встрече на вилле в Геленджике,0,4.1892639274010435e-05
Пентагон подарил Аркадию Бабченко на 23 февраля два часа катания на танке «Абрамс»,1,0.9997116923332214
Самолёт Джо Байдена прилетит на встречу с Путиным через Белоруссию,1,0.999806821346283
С авианесущего крейсера «Адмирал Кузнецов» похищена защита от дурака,0,0.046326346695423126
"МВФ ищет мошенников, которые под видом сотрудников Центробанка выманили 40 млрд долларов",1,0.9999732971191406
Чемпионат Турции приостановлен из-за обстрела автобуса «Фенербахче»,0,0.00013944129750598222
Россияне обрушили цены на iPhone X,0,0.0002743680961430073
ГАЗ перестанет выпускать автомобили под маркой Соболь,1,0.7175970077514648
Победа сборной России на ЧМ лишит Дмитрия Маликова волос,0,0.00020969407341908664
Новую часть WWE выпустят в октябре,0,0.0007636283989995718
Выход Grand Theft Auto V на PC снова отложили,0,0.0023028322029858828
Экономика ЕС растет медленнее США и быстрее Японии,0,2.9483731850632466e-05
Британцы подготовили к испытаниям подводную лодку нового поколения,0,0.0003858605050481856
В рамках совместного проекта Минкульта и Минюста судебные заседания будут проходить под классическую музыку,1,0.9999821186065674
Имущество разоблачённых гомосексуалистов может быть передано соседям-доносчикам,1,0.9998936653137207
Минобороны обеспокоено нехваткой в России памятников маршалу Жукову,1,0.9997735619544983
Президентов иностранных государств в российских СМИ с 2022 года будут называть главами республик,1,0.999977707862854
Алексея Навального проверят на причастность к убийству Бориса Немцова,1,0.9999237060546875
"В Барнауле осудили пенсионера, назвавшего российский флаг власовской тряпкой",1,0.9999269247055054
Химфак МГУ начнёт подготовку барист,0,8.460215758532286e-05
Челси не воспользовался осечкой Манчестер Юнайтед,0,2.7441947167972103e-05
Google подала кассационную жалобу на решения судов в пользу ФАС,0,0.00013021893391851336
В России отменят право на отказ от прививок и создадут вооружённые прививочные патрули,1,0.9999812841415405
Футболист променял «Барселону» на вино в Китае,0,4.143959085922688e-05
Более 100 граждан России подали заявление о смене фамилии Навальный,1,0.9996899366378784
Медведев назвал условия сокращения расходов бюджета в 2009 году,0,4.5307824620977044e-05
В России проведут месячник борьбы с бедностью,1,0.9999290704727173
Белым американцам откачают вакцину в пользу чернокожих и азиатов,1,0.9998948574066162
Рэпер Face объявил себя врагом государства и сравнил Россию с зоной,0,8.917909144656733e-05
Александр Емельяненко нокаутировал бразильца за два раунда,0,0.0019975758623331785
IKEA предоставит российским однополым парам скидки 30%,1,0.9955675005912781
Над формирующейся звездной системой идет дождь,0,0.00010053073492599651
Акции Pandora рухнули на 65 процентов,0,3.306604048702866e-05
Игры по мотивам новых фильмов вышли в топ App Store еще до премьер,0,4.589992022374645e-05
Священников будут привлекать к ответственности за недостаточно качественное освящение космических объектов,1,0.9999786615371704
YouTube заблокирует каждый десятый канал на русском языке,1,0.9999505281448364
"В США подросток раскопал свыше 200 могил за год, чтобы превратить их обитателей в зомби",1,0.9999668598175049
В Казахстане открылся первый концентрационный лагерь перевоспитания «Насвау»,1,0.9999793767929077
Бывший совладелец «Эльдорадо» пожаловался Фридману на Альфа-банк,0,8.00921261543408e-05
"«Это моральная победа!»: Явлинский поблагодарил всех сторонников Навального, кто не голосовал за «Яблоко»",1,0.9999781847000122
Аэрофлот покупает 18 самолетов А-320,0,6.500659947050735e-05
"Госжилинспекция начнёт штрафовать россиян за ковры, висящие на стенах",1,0.999969482421875
Байден не исключает возможности проведения тайной инаугурации,0,0.0008141688304021955
"Терешкова предложила законопроект, позволяющий президенту назначать до 51% депутатов Госдумы",1,0.9999778270721436
Disney переименует Дональда Дака в Джозефа,0,4.96870452479925e-05
Россия из-за критики передумала отправлять Manizha на «Евровидение». Вместо неё поедет группа Васи Ложкина «Эбонитовый колотун»,1,0.9999792575836182
Sony анонсировала скорострельную 3D-видеокамеру,0,4.30071959272027e-05
Россиянам рассказали о преимуществах рапсового масла перед оливковым,1,0.9095941185951233
Минобрнауки запретило выдавать аттестаты выпускникам без сертификата о прохождении вакцинации против коронавируса,1,0.9999808073043823
В Сибири закрылся единственный завод по производству палочек для мороженого,1,0.9999699592590332
ЕС готов предоставить безвизовый режим российским «иностранным агентам»,1,0.9999758005142212
Предзаказы S.T.A.L.K.E.R. 2 вывели украинский госбюджет в профицит по итогам 2020 года,1,0.9999021291732788
Американские фондовые индексы выросли,0,2.5786892365431413e-05
"Россия поможет Ирану восстановить работу часов, отсчитывающих время до уничтожения Израиля",1,0.9999755620956421
Оклахома вышла в финал плей-офф НБА,0,2.2181446183822118e-05
Задержанных на митинге будут принудительно прививать от коронавируса,1,0.999958872795105
Курс евро превысил отметку 95 центов,0,3.174343510181643e-05
РАН рекомендовала историкам воздержаться от упоминания национальностей деятелей Гражданской войны,1,0.9999780654907227
iOS 16 будет автоматически удалять с телефонов “неприемлемый” контент,1,0.9997994303703308
Голодец сообщила подробности пенсионной реформы,0,7.941570947878063e-05
В Думе составили список требований к «настоящему» россиянину,1,0.999948263168335
Госдума ратифицировала договор о техпомощи ООН,0,0.00026824616361409426
В ДТП в Нигерии погибли 15 футболистов,1,0.8028514385223389
«Только советский человек может взять Интернационал»: Зюганов заявил о решающей роли советского образования в победе Team Spirit,1,0.9999819993972778
В Yakuza 5 появится новый город,0,0.011057320982217789
Биологи нашли способ остановить старение сердца,0,3.0599567253375426e-05
Пенсионерам выплатят по 500 рублей за обещание не смотреть расследование о Володине,1,0.9999737739562988
Минстрой предложил уравнять стоимость недвижимости в Москве и регионах,1,0.9998959302902222
Холифилд проведет бой с 45-летним датчанином,0,2.8380822186591104e-05
Приток капиталов в Россию к концу года превысит вывоз на 20 миллиардов долларов,0,0.0038395551964640617
«Газпром» договорился с Shell о добыче углеводородов в Арктике,0,3.8474776374641806e-05
"Бюджетники, добавившие карту «Мир» на iPhone, будут лишены льгот",1,0.9998626708984375
"Памфилова рассказала, как не позволила украсть победу Путина в 2018 году",1,0.9999407529830933
К 2005 году у Джулии Робертс будет двойня и 12 друзей Оушена,0,0.009658943861722946
Играющим против России в компьютерных играх запретят избираться в депутаты,1,0.9988548755645752
Доказана смертельная опасность соли,0,3.783000647672452e-05
Российские продажи Metal Gear Solid 4 начнутся вечером 20 июня,0,0.0004633487551473081
Китай скопировал российский истребитель Су-27,0,0.006958412937819958
Национальная академия наук США будет сотрудничать с Голливудом,0,0.0005529894260689616
Астроном предлагает изменить определение астрономической единицы,1,0.9990849494934082
Нидерланды распродают часть парка F-16,0,4.7465200623264536e-05
Робин Уильямс успел завершить работу над четырьмя новыми фильмами,0,0.00019505903765093535
Членов казачьих сообществ освободят от платы за услуги вытрезвителей,1,0.9672415256500244
"Вакцина для евреев, ушедший со свадьбы жених, юбилей Компартии КНР и остроумные ответы Путина в нашей традиционной рубрике «Панорама недели»",1,0.9999793767929077
Жителю Тулы по ошибке выдали QR-код от алкоголизма,1,0.9998838901519775
Получение PayPal лицензии ЦБ не подтвердилось,0,2.0567209503496997e-05
В Белоруссии заблокируют YouTube за отказ продвигать в тренды двухчасовой фильм о планах Запада по срыву посевной,1,0.9999674558639526
Главным тренером сборной России по волейболу стал серб Зоран Гайич,0,0.0002863494155462831
Минпромторг разрешил российским производителям клеить на свои бутылки этикетки Moët & Chandon и Hennessy,0,0.19084928929805756
iPhone 3G без SIM-карты в России продавать не будут,1,0.9654207825660706
МОК объявил о переносе Олимпиады из Токио в Геленджик,0,3.8904723624000326e-05
Приток средств в российские ПИФы вырос втрое,0,0.00013633110211230814
Улюкаев допустил пересмотр прогноза экономического развития России,0,0.0047176009975373745
Россиян призвали не реагировать бурно на падение курса рубля,1,0.9998658895492554
Программа «Квартирный вопрос» проведёт реновацию в подвале «скопинского маньяка»,1,0.9999663829803467
Для посещения Краснодарского края туристов обяжут носить красную звезду,1,0.9999521970748901
"Ростовские психиатры пытаются помочь юноше, возомнившему себя Владимиром Соловьёвым",1,0.999976396560669
Инвесторы начали платить 155 долларов за баррель нефти,0,0.0003425620961934328
Чиновники предложили принудительно утилизировать японские б/у авто из-за несоответствия российским стандартам качества,1,0.9999721050262451
МЧС подтвердило запрет на использование свечей от геморроя в жилых помещениях,1,0.9999469518661499
Александр Лебедев уволился из собственного банка,0,2.803681491059251e-05
Сборная России проиграла на Чемпионате мира по хоккею второй матч подряд,0,0.00018924748292192817
Терешкова выступит с инициативой о преобразовании РФ в Российскую империю,1,0.9997839331626892
QR-коды москвичей отсканируют при покупке товаров и услуг,1,0.9998925924301147
Роман Полански пропустит Берлинский кинофестиваль,0,2.8366130209178664e-05
Дизайн Halo 4 поручили создателю Killzone,0,6.740635581081733e-05
Россиян вновь захотели ограничить в энергопотреблении,1,0.5009337067604065
Французские исследователи обнаружили в древнегреческих мифах упоминание богини бодипозитива,1,0.9999496936798096
Samsung провалила своевременные поставки Galaxy S8,0,3.0008279281901196e-05
США будут добиваться санкций против Центробанка Ирана,0,0.00024955617845989764
В США разработали высокоточный метод 3D-печати стекла,0,0.00011736962187569588
Создатель Людей в черном сделает из Джима Кэрри гангстера,0,3.133358768536709e-05
MGM попросила у акционеров денег на Хоббита,0,5.141034125699662e-05
"Российских учёных, находящихся в местах лишения свободы, соберут в «научной колонии»",1,0.999974250793457
Лучший снайпер ЦСКА покинул команду,0,3.265583291067742e-05
Эстония запустила первый спутник,0,4.296124825486913e-05
Суд отменил дисквалификацию российской легкоатлетки из-за срока давности,1,0.5814785361289978
Зенит разгромил Крылья Советов,0,4.7895839088596404e-05
«2 Tesla за биткоин — это лохотрон»: Чубайс раскритиковал Илона Маска,0,0.14708994328975677
Малайзия установит пулеметы и ракеты на вертолеты A109H,1,0.8563463687896729
Россия не захотела вернуть себе иконостас из Соловецкого монастыря,1,0.9998435974121094
ЦИК: «Наименьшее количество нарушений было зафиксировано на участках без наблюдателей»,1,0.9999759197235107
Комитет Госдумы поддержал введение штрафов за разглашение информации об увиденном на митингах,1,0.9999594688415527
"Израильские военные сбили сани Санта Клауса, перепутав их с крылатой ракетой",1,0.9999573230743408
Депутат Госдумы раскритиковал россиян за тягу к дешёвым автомобилям,1,0.9999536275863647
С 1 января россиянам запретят использовать выгребные ямы,1,0.9999551773071289
«Талибан»* проспонсирует строительство Главной мечети Вооружённых сил РФ,1,0.9999443292617798
Генпрокуратура России передала Франции материалы о коррупции в IAAF,0,0.00010417020530439913
"Доцент Соколов осудил поступок петербуржца, повесившего свой портрет в Эрмитаже",1,0.9999707937240601
"Сердюков признался, что является сооснователем сервиса Avito",1,0.9961559176445007
Россиян будут штрафовать за отсутствие канализации,1,0.998812198638916
Нидерландская FrieslandCampina прекратила выпуск сыра для России,0,6.890137592563406e-05
В Швеции насильно выдали замуж уроженца Дагестана,1,0.6998530626296997
На Лубянской площади установят памятники всем главам органов госбезопасности до 1999 года,1,0.9999716281890869
В России начали блокировать банковские карты со слишком низкими зарплатами,1,0.9999381303787231
Разочарование в экономике США спровоцировало рост цен на золото,0,0.0057287197560071945
Правительство решило играть против рубля,0,2.244356983283069e-05
Кеосаян снимет сериал о штурме дома «мытищинского стрелка»,0,0.00014353195729199797
К участникам и зрителям шоу «Голос» пришла полиция,0,0.02445540949702263
Исинбаева на личные деньги построила спортплощадку для детей-инвалидов,1,0.9251083731651306
В отношении YouTube начата проверка на предмет реабилитации нацизма,1,0.995008111000061
Активные члены Юнармии получат статус ветеранов Великой Отечественной войны,1,0.9998049139976501
Римейк Птиц не будет базироваться на фильме Хичкока,0,3.314477362437174e-05
Ян Симеринк — жертва россиянина Давыденко,1,0.9901239275932312
В России запретят привлекать заключённых к видеофиксации пыток в тюрьмах и колониях,1,0.9999799728393555
Ученые обнаружили паука-вегетарианца,0,0.00016639950626995414
Кличко подвел итог боя с Хэем без единого слова,0,3.38547324645333e-05
С должников обанкротившегося банка взыскали два миллиарда рублей,0,0.00010840623144758865
"«Лягушатникам лучше не нарываться»: Мария Захарова поставила на место французских провокаторов, затеявших скандал с шампанским",1,0.999980092048645
Портрет Путина месяц провисел в отеле Трампа как ни в чем не бывало,0,0.005699696484953165
Пашинян приказал вернуть Ноев ковчег в состав флота Армении,0,0.2648910880088806
Аналитики спрогнозировали рост акций «Роснефти»,0,0.00046614682651124895
Вместо «дальневосточного гектара» депутатам Госдумы по ошибке выделили земельные участки на берегу Красного моря,1,0.9999712705612183
Лесосибирский священник назвал божьей карой обрушение стеллажей с алкоголем на складе в Красноярске,1,0.9999679327011108
"Полиция разыскивает мошенников, продававших QR-коды для попадания в рай",1,0.9999775886535645
Сергей Гимаев назвал виновника ухода Набокова из СКА,0,0.00017871464660856873
Роскачество: наушники AirPods 3 снижают качество звука при воспроизведении музыки на русском языке,1,0.9999772310256958
Госдума приняла в первом чтении закон о запрете отрицания исторически сложившихся взглядов,1,0.9999581575393677
Родителям запретят будить детей по утрам,1,0.9970430731773376
"39-летняя жительница Саратова стала первым человеком на Земле, прошедшим игру The Sims 2",1,0.9999619722366333
Министерство просвещения советует учителям сознательно делать ошибки для проверки знаний школьников,1,0.9999693632125854
В рамках борьбы против гендерной дискриминации в ЕС запретят писсуары,1,0.9999233484268188
Главный тренер Динамо Иво Вортманн отправлен в отставку,0,0.0010764766484498978
Победитель Де Ла Хойи проведет бой с победителем Цзю,0,2.171785308746621e-05
Правительство проиндексирует минимальный размер взяток к лету 2021 года,1,0.9878541827201843
В ЦАХАЛ появится казачья рота,0,0.2915256917476654
На острове Русский во Владивостоке появился проспект Си Цзиньпина,1,0.9999488592147827
Разобрали за 3 часа: в Варшаве открылся магазин с атрибутикой от Лукашенко,1,0.9997771382331848
В законодательство предложили ввести понятие семья-иноагент,1,0.9999407529830933
Найден неизвестный портрет кисти Веласкеса,0,5.6244200095534325e-05
Белорусский суд лишил «Комсомольскую правду» ордена Ленина,1,0.9998642206192017
EADS обвинили в нечестном участии в тендере ВВС США,1,0.8516719937324524
Блокировку нецензурной лексики в интернете поручат рабочим металлургических предприятий,0,0.00023126225278247148
Илон Маск выкупил у Казахстана «Гагаринский старт»,1,0.999243974685669
Голубятни обяжут получать лицензию на оказание услуг связи,1,0.9577553272247314
"Навальный на деньги ФБК покупал подарки чиновникам, чтобы обвинить их в коррупции",1,0.9999752044677734
Евросоюз будет собирать с российских туристов налог на глобальное потепление,1,0.9724240303039551
На открытии обновлённой Парижской филармонии симфонический оркестр исполнит одну из композиций Моргенштерна,0,0.40391892194747925
Для удобства хранения сбережений Центробанк выпустит серию банкнот номиналом от 100 млн до 1 млрд рублей,1,0.9999772310256958
Россия получила японский кредит,0,0.0001730561925796792
Набоков и Брызгалов разделят игровое время на Олимпиаде-2010,0,0.0008830542792566121
В Саратове ветерана ВОВ поздравили с Днём Победы «Лебединым озером»,1,0.9999775886535645
Россия снизит пошлины на четыре тысячи товаров,0,7.652236672583967e-05
В Румынии объявили тендер на уничтожение Приднестровья,1,0.9999403953552246
Москвичам разрешат провести ночь в музее,1,0.8403756618499756
"Аркадий Ротенберг заявил, что владеет Спасской башней Кремля и частью Алмазного фонда",1,0.9999734163284302
Линдсей Лохан лишилась второй роли за год,0,3.026552985829767e-05
"Apple представила эко-версию iPhone 13, распространяемую без упаковки",0,0.00012922566384077072
Названа причина нового глобального кризиса,0,4.220573464408517e-05
Группе «Тараканы!» отказали во въезде на Украину,0,7.314643153222278e-05
Google сократит 4000 рабочих мест в Motorola Mobility,0,0.0001433591969544068
Вышел трейлер новых «Елок»,0,2.8458633096306585e-05
Ростуризм предложил обменять сгоревшие путевки в Турцию на поездку по Золотому кольцу России,1,0.9999023675918579
«Это наш подарок съезду»: крестьяне Таймыра первыми завершили уборку картофеля,1,0.9999715089797974
Гонка с препятствиями «Стань человеком-3» пройдет в Москве 3 и 4 октября,1,0.9999557733535767
Путин затруднился назвать размер зарплаты Сечина,0,0.036979228258132935
Минпросвещения предложило убрать из школьной программы иностранные языки,1,0.9997486472129822
"Гарри Маркл не поедет на похороны своего дедушки, если ему не вернут зарплату принца",1,0.999972939491272
Руководителем российской космической программы назначен Мюнхгаузен,1,0.9959995746612549
Ведущие лингвисты страны предложили изъять из русского языка предлог «из»,0,0.15235517919063568
Геофизики определили «потерянный элемент» ядра Земли,0,6.197621405590326e-05
Гнилостные грибы помогут улучшить звучание скрипок,0,0.0021080179139971733
"Россия эвакуирует украинских наёмников, застрявших в Кабуле, в Луганск",1,0.9999754428863525
Дэниел Рэдклифф объяснил свое отсутствие на предпоказе спектакля о Гарри Поттере,1,0.9999109506607056
Эксмо начало переговоры о поглощении группы АСТ,0,2.003865665756166e-05
Банки поделятся биометрическими данными россиян с коллекторами,0,0.000986684812232852
Обладатель прав на песни Цоя подал в суд на «ВКонтакте»,0,0.00044553217594511807
Dell выпускает компьютер для геймеров за 10000 долларов,1,0.9941661357879639
Домодедово заявило о незначительном удорожании билетов от повышения сборов,1,0.9999492168426514
Сборная России по футболу сыграла вничью с Кот-дИвуаром,0,2.314660741831176e-05
Новый порядок госзакупок за год сэкономит 230 миллиардов рублей,0,0.0018044972093775868
«Отряды Путина» пригрозили выпороть ремнём «маленьких навальнят» 23 января,1,0.9999681711196899
Карпин и Федун оценили результаты жеребьевки Лиги чемпионов,0,3.1679534004069865e-05
"Белоруса с коронавирусом, намеренно ходившего на приёмы к чиновникам, задержали в РОВД",1,0.9999686479568481
Гей-драма о Сергее Эйзенштейне выйдет в российский прокат,0,4.037520557176322e-05
Китайский космический зонд «Тянвэнь-1» сфотографировал поместье Дмитрия Рогозина,1,0.9999159574508667
Дмитрий Козак провел заседание оргкомитета Российского инвестиционного форума,1,0.999901294708252
Режиссер Роб Коэн лишился средневекового проекта,0,2.9070351956761442e-05
Телефонные гарнитуры для колл-центров внесут в список разрешенных предметов для передачи в места лишения свободы,1,0.9999773502349854
Столицу России официально перенесут в Сочи,1,0.9258427023887634
Камеру на Рублёвском шоссе демонтировали из-за клеветы на чиновников,0,5.1592545787571e-05
Ведущим обновлённого «Поля чудес» будет Дмитрий Нагиев,1,0.9809360504150391
"В Сызрани задержан шпион, передававший Украине сведения о конструкции ракеты «Сатана»",1,0.9999715089797974
Отдыхающие в Египте россияне пожаловались на засилье иностранцев на курортах в период пандемии,1,0.9999754428863525
Мэйуэзер дебютирует в MMA,0,3.0123715987429023e-05
Илон Маск посетовал на невозможность ускорить выход Half-Life 3,1,0.9999152421951294
Обновление 5G чипов после вакцинации появилось на портале Госуслуги,1,0.7776605486869812
Комедия «Горько!» сместила «Сталинград» с первого места в прокате,0,0.06003553047776222
Росавиация разрешила не включать в стоимость авиабилетов взлёт и посадку,1,0.9989092350006104
Роналду расстался с «Мисс Испания-2014»,0,8.166793122654781e-05
Москвичи фейерверками подожгли здание посольства Польши,0,0.0019289696356281638
Acer выбрал себе нового президента,0,0.0001469573617214337
В Новосибирске прошли соревнования по скоростному сжиганию покойников,1,0.9998815059661865
Зампред ЦБ предрек значительный рост в 2016 году банковских вкладов россиян,1,0.9430394172668457
Самки дельфинов научились готовить себе еду,0,2.3531829356215894e-05
Каждому россиянину установят план по деторождению,0,0.004703925456851721
Процесс принятия решений отследили на клеточном уровне,0,0.00010052451398223639
Уличённого во взятке сотрудника ГИБДД Таганрога лишили звания маршала,1,0.9994106292724609
Доктор Мясников призвал россиян делать меньше вдохов,1,0.999934196472168
Киев купит миллиард кубометров российского газа до конца недели,0,2.9162481951061636e-05
Скончался бывший исполнительный директор РУСАДА Никита Камаев,0,0.0015139932511374354
В Госдуме предложили продавать в метро настоящие дипломы вузов,1,0.9999707937240601
Сбербанк объявил о покупке Саратовской области,0,0.00010644856229191646
"«Простите меня, уральцы, я просто редко бывал в Омске»: Жириновский пересмотрел своё мнение насчёт самого тупого региона России",1,0.9999806880950928
"Школьников, сдающих ЕГЭ по истории, заставили написать опровержение обзоров BadComedian",1,0.9999741315841675
Смартфоны в России подешевели на 19 процентов,0,3.476419806247577e-05
В России появилась первая улица имени Фанни Каплан,1,0.9150568246841431
Мадонна возглавила американский чарт,0,7.095435285009444e-05
Битловский фильм A Hard Days Night оцифрован и заново вышел в прокат,0,4.5782766392221674e-05
Рэппер T.I. не смог получить премию из-за пулеметов,0,0.00012661829532589763
Фирташ решил купить остановленный ТНК-BP завод,0,4.121747042518109e-05
Турция передаст Украине купленный у России комплекс С-400,1,0.9932147264480591
Экипаж МКС задержится на орбите из-за аварии Прогресса,0,0.07068661600351334
Совершена попытка захвата Братского лесокомбината,0,3.1034720450406894e-05
"Россиян, не желающих вакцинироваться от коронавируса, будут депортировать в страны Евросоюза",1,0.9999749660491943
Верховный суд подтвердил право граждан СССР на получение бесплатных квартир,1,0.999977707862854
Медведев признал ошибки пенсионной реформы,0,2.7514532121131197e-05
Мошенники под видом сотрудников ФБК провели обыск у прокурора в Татарстане,1,0.5143544673919678
Супермаркеты Москвы ограничат продажу мяса на время Великого поста,1,0.9998630285263062
Джо Байден получил медаль За успехи в джихаде,1,0.979134202003479
"Макрон извинился перед мигрантом, давшим ему пощёчину",1,0.9798950552940369
Представитель Кержакова опровергла информацию о работе игрока на «Матч ТВ»,0,0.005209652241319418
Полиция опровергла слухи о смерти Пола Гаскойна,0,3.765647852560505e-05
Россия стала лидером по закупкам норвежской рыбы,0,4.739324140246026e-05
В Лондоне покажут неизвестный прижизненный портрет Шекспира,1,0.8370569348335266
«Звездные войны» стали самой популярной игрой для iPad в России,0,0.007928616367280483
Тренер Челси нашел причину неудач Фернандо Торреса,0,2.882719309127424e-05
Президент шахматной федерации США ответил на обвинения Илюмжинова,1,0.9904881715774536
"Интервью с двойником Ельцина к 30-летию августовского путча: «Вообще я человек непьющий, но тогда я хорошенько поддал»",1,0.9999735355377197
Жан Рено и Стив Мартин приедут в Москву,0,0.0007153033511713147
В Катаре продан самый дорогой ковер в мире,0,0.00010798549192259088
Переводчик назвал победительницу «Евровидения» коровой и подставил Нетаньяху,1,0.8310478925704956
Российские микробы оказались полезнее финской чистоты,0,2.4445023882435635e-05
Бог Кузя стал кандидатом от «Умного голосования» во Владимире,1,0.999705970287323
Ученые определили идеальную диету для секса,0,7.587298023281619e-05
Из Всероссийской переписи населения убрали пункт о национальности,0,0.036158982664346695
Родственники Александра Солженицына через суд добились его захоронения в мавзолее на Красной площади,1,0.9999704360961914
Группа чеченских алкоголиков получила политическое убежище в Евросоюзе,1,0.9998970031738281
"Угнанная Lamborghini, экспонировавшаяся на Иннопроме, возвращена дагестанскому владельцу",1,0.9999731779098511
Sony официально анонсировала новую модель PSP,0,0.00010140195081476122
"Экономный россиянин рассказал, как целый год смог обходиться одним рулоном туалетной бумаги",1,0.9999469518661499
"Московский суд оправдал таксиста, избившего антипрививочника",1,0.9998140931129456
В аргентинских школах покажут матчи ЧМ-2006,0,0.00017406951519660652
«Зенит» проиграл новичку чемпионата России,0,2.306472379132174e-05
Специалисты по ролевым играм будут работать в новом жанре,0,5.7355864555574954e-05
Эксперты заявили о поджоге Троицкого собора,0,2.379272882535588e-05
Хедлайнерами Coachella-2012 станут The Black Keys и Radiohead,0,0.0004706527979578823
Переход на зимнее время произойдёт не во всех регионах России,1,0.994864284992218
Русал обвинил руководство Норникеля в безответственности,0,5.4782383813289925e-05
Белоруссия потратит новый кредит от России на разворачивание аналога китайской системы общественной безопасности,1,0.999975323677063
РЖД сделает платными туалеты в поездах,0,0.0032649205531924963
Феникс избрал новую тактику сбора образцов,0,3.7614845496136695e-05
Кейт Уинслет объяснила хранение «Оскара» в ванной комнате,1,0.9998358488082886
В Генштабе начались учения по эвакуации детей чиновников в случае разрыва отношений с Евросоюзом,1,0.999977707862854
Из лондонской галереи украдены драгоценности Мэрилин Монро,0,4.006311792181805e-05
Антимонопольщики уличили таможенников в нарушении закона о госзакупках,0,0.00014822959201410413
В правительстве допустили начисление социальных выплат баллами «Спасибо»,1,0.9999459981918335
Фотонную нейронную сеть научили считать,0,5.715118095395155e-05
В Кемерово родился первый в России ребёнок с врождённым QR-кодом,1,0.9999500513076782
«Газпром» бесплатно газифицирует дома выходцев из России в Великобритании,1,0.9998515844345093
Новый закон позволит проводить митинги исключительно в ночное время,0,0.28835490345954895
"Все артисты, имеющие недвижимость в США, будут признаны иностранными агентами",1,0.9999762773513794
Ольга Бузова стала членом-корреспондентом МГУ,1,0.9995576739311218
"Зенит обыграл в Москве Локомотив, но догнать Торпедо не смог",1,0.9990573525428772
РПЦ предлагает избавиться от имён языческих богов в названиях месяцев,1,0.9999352693557739
Кокорин вернулся и забил,0,4.706580511992797e-05
Корейскую еду признали полезной для космонавтов,0,9.45619322010316e-05
«Лестницу Иакова» переснимут,1,0.9999117851257324
На Украине прошли празднования 300-летия победы Карла XII в Северной войне,1,0.999222993850708
"ПФР потратит 290 миллионов рублей на оповещение пенсионеров, что размер выплат в России выше, чем на Украине",1,0.9999728202819824
Россия поможет перуанским ВВС отремонтировать вертолеты,1,0.8028543591499329
"Крупнейшего производителя сахара в России оценили в 1,8 миллиарда долларов",0,3.403257142053917e-05
Названы сроки переворота магнитных полюсов Земли,0,3.22738524118904e-05
Российский банк развития в пять раз увеличит кредитование предпринимателей,0,0.00011878909572260454
Многодетным семьям выделят бесплатные презервативы,1,0.9999402761459351
Лионель Месси проиграл выборы лучшего спортсмена Аргентины,0,3.0800674721831456e-05
Грета Тунберг: «Мы очищали планету вместе с Брейвиком»,1,0.9970895648002625
Космонавт заснял с орбиты экологическую катастрофу,0,3.6399658711161464e-05
Власти Испании по ошибке кремировали тело Джона Макафи,0,3.183717490173876e-05
AMD показала внешнюю видеокарту для ноутбуков,0,3.732708501047455e-05
«Русал» приостановил производство на Богословском заводе,0,8.688952220836654e-05
Лосьон «Огуречный» разрешат продавать вместе с алкогольной продукцией,1,0.9999704360961914
Глава МЭФ приказал поголовно вакцинировать население планеты от всех вирусов,1,0.9999653100967407
На Пасху украинские дроны будут сбрасывать конфеты Roshen на жителей Донецка,1,0.9999538660049438
В доходной части бюджета недосчитались 250 миллиардов рублей,0,0.0005189377698116004
В Госдуме предложили конфисковывать квартиры митингующих в пользу раненых силовиков,1,0.9999810457229614
Ученые выбрали места для поиска жизни на Марсе,0,3.185457899235189e-05
Россия-1 покажет 9 мая спектакль Голая пионерка,0,0.00026196520775556564
Почта «Яндекса» защитит от прочтения находящиеся в пути письма,1,0.9998822212219238
Спустя 16 лет Сатана вновь взлетит из шахты,0,0.00033311708830296993
"BP заплатит 4,5 миллиарда долларов за разлив нефти",0,7.004976214375347e-05
Matsushita выпустила новый DVD-рекордер для 50-гигабайтных дисков,0,0.0011860812082886696
Итальянцы поместили Владимира Соловьёва на доску почета за помощь в борьбе с коронавирусом,1,0.9999737739562988
Россия предлагает МВФ сотрудничество до 2003 года,0,8.356008038390428e-05
Минздрав просит всех привившихся вакциной «Спутник V» срочно прийти в поликлинику для обновления прошивки микрочипа,1,0.9999767541885376
«Брянск-Север»: хакеры взломали пароль Пентагона,1,0.9997362494468689
Вышел трейлер горнолыжной драмы «Со дна вершины» с Вдовиченковым,0,0.0019787380006164312
Эллен Пейдж займется режиссурой,0,2.25740805035457e-05
"Вор должен сидеть в тюрьме: Жерар Депардье объяснил россиянам, почему Навальный должен получить реальный срок",1,0.9999767541885376
Сбербанк провел первый платеж с помощью блокчейна,0,2.7539867005543783e-05
Потерявшего власть президента Гвинеи лишили российского Ордена Дружбы,0,0.4307878911495209
Средняя зарплата китайских заключённых превысила 1500 долларов в месяц,0,0.004643049091100693
Начались раскопки античного города Клатерна,0,2.9358987376326695e-05
Названы самые возбуждающие песни,0,3.638060297816992e-05
В Госдуме предложили распространить закон об иноагентах на антироссийские идеи,1,0.9999762773513794
Терминатор потерпел поражение от Веселого Роджера,0,3.890954758389853e-05
Посол Таджикистана вызван в МИД России из-за некачественного ремонта кремлевской стены,1,0.9999639987945557
Флаги Латвии и Литвы на Петербургском международном экономическом форуме заменили флагом Третьего рейха,1,0.9999103546142578
Гуус Хиддинк поменял состав сборной России,0,4.819388050236739e-05
Илон Маск попал на сайт «Миротворец»,1,0.5340801477432251
Греф уводит государство из экономики,0,0.001713971490971744
Юрий Шатунов: «Навальный давно никому не интересен»,1,0.999750554561615
В США начались финальные тесты теннисного видеоповтора,0,0.00013492521247826517
Франция объявила в международный розыск Мишкина и Чепигу,0,0.002491876482963562
Пол Маккартни назван самым богатым музыкантом Великобритании и Ирландии,1,0.99479079246521
Собянин объявил о начале работ по замене плитки на Красной площади,1,0.9999154806137085
Состав Госдумы увеличат до тысячи депутатов,0,0.005339927040040493
Вольский создает политбюро для олигархов,0,4.869210533797741e-05
Угнанный крейсер «Аврора» вернули на место,0,0.00022753074881620705
Альбом сайд-проекта Arctic Monkeys выйдет приложением к газете,0,6.725431012455374e-05
Дмитрий Киселёв оштрафован на 50 тысяч рублей за упоминание фамилии Навальный,1,0.9999258518218994
Сергей Собянин утвердил план работ по укладке плитки в московском метро,1,0.9985565543174744
Высокая скорость столкновения галактик мешает рождению звезд,0,0.00039802142418920994
Арбитр матча Германия — Англия отчислен с ЧМ-2010,0,0.002896331949159503
Ольга Бузова стала почетным магистром клуба Что? Где? Когда?,1,0.9998862743377686
Россия и Венесуэла создадут совместный банк,0,3.2750453101471066e-05
Запуск первого туркменского спутника вновь отложен,0,0.000917056982871145
Правительство сократило имущественный взнос в Олимпстрой,1,0.7726176381111145
Три генерала подали в отставку из-за смерти хоккеиста Черепанова,0,0.0003089556994382292
Samsung выпустит телефоны с гибким экраном в 2012 году,0,6.428999040508643e-05
В России повысят призывной возраст до 30 лет,1,0.9997900128364563
Александр Лукашенко обманул телефонных мошенников и повесил на них несколько кредитов,1,0.9999138116836548
Россияне горячо поддерживают предвыборную программу партии «Единая Россия»,1,0.9999768733978271
ЦСКА подал жалобу на судейство в матче с Аланией,0,7.808824739186093e-05
"Партия Саакашвили внесла в парламент законопроект, запрещающий Владимиру Познеру отмечать дни рождения в Грузии",1,0.9999768733978271
Патриарх Кирилл запретил прощать либералов в Прощёное воскресенье,1,0.7195606827735901
Дворкович сообщил подробности блокировки украинских фур в России,0,3.7887442886130884e-05
Россиян разрешили кормить мучными червями,0,7.732773519819602e-05
Театральные буфеты перестанут обслуживать иноагентов,1,0.5410720705986023
"Патриарх Кирилл: российский народ сейчас обеспечен всем, кроме самого главного – госидеологии",1,0.9999305009841919
Из-за угрозы «Умного голосования» выборы в Госдуму пройдут на безальтернативной основе,1,0.9999815225601196
Транснефть не учла ЮКОС в своем графике экспорта нефти,0,5.8296714996686205e-05
Крейсер «Аврора» раскрасят во все цвета радуги,0,0.00014047582226339728
Евросоюз введёт санкции против России и Китая из-за застрявшего судна в Суэцком канале,1,0.9999793767929077
Минобороны отказалось от серой окраски самолетов,0,2.53082143899519e-05
Россвязь разрешила использовать iPhone 4,1,0.9884386658668518
Во Франции запретили фильм Ларса фон Триера «Антихрист»,0,0.0006256492342799902
Прокуратура отклонила иски Кервьеля к Societe Generale,0,3.062254108954221e-05
Режиссер Бумера снимет фильм о Владимире Высоцком,0,2.472314372425899e-05
Палестинец похищал воду из кранов жителей Еврейской АО,0,9.866576874628663e-05
"Российский ВВП сократился на 1,4 процента",0,5.542361395782791e-05
Роскомнадзор обязал YouTube проигрывать гимн России перед роликами,0,0.010977718979120255
Полиция возбудила дело о реабилитации нацизма из-за надписи «Володин — ахтунг» на стене Госдумы,1,0.9999805688858032
Ирак возобновил экспорт нефти в полном объеме,0,0.0008360580541193485
В Китае ввели условную смертную казнь для партийной элиты,1,0.9999401569366455
"Силовики пресекли работу крупного овощного рынка, на котором незаконно продавался укроп",1,0.999962568283081
Для помощи в тушении лесов в России введут акциз на спички и зажигалки,1,0.9997672438621521
Amnesty International осудила Россию за отсутствие СИЗО для трансгендеров,1,0.9997009038925171
Бельгия вышлет королевскую семью в Конго в качестве компенсации за многолетнее угнетение,1,0.9999788999557495
Мосгордума передаст столичным властям контроль за сложными зданиями,1,0.999941349029541
В Швейцарии раздавили бульдозерами 2 тонны российских молокосодержащих сыров,1,0.9998916387557983
Салават Юлаев вышел в лидеры Восточной конференции,0,8.15812309156172e-05
На Валдайском форуме принято решение развивать российскую экономику,1,0.9979779124259949
Путин вручил госнаграду создателю сериала «Улицы разбитых фонарей»,1,0.9996504783630371
Минкомсвязи выделит 450 миллионов рублей «Почте Крыма»,0,2.6464131224201992e-05
Григорий Явлинский: «Этот дом я выиграл в лотерею для вакцинированных от коронавируса»,1,0.9999792575836182
Майкл Джексон снова попал в больницу,0,2.9514334528357722e-05
Полет Су-30 напомнит России о Чкалове,0,8.309499389724806e-05
Семейка Аддамсов превратится в мюзикл,0,2.2613876353716478e-05
BFG-tech выпустила новую AGP-видеокарту GeForce 7800 GS,0,0.0010554846376180649
В Госдуме рассмотрят законопроект о праве работодателей увольнять беременных женщин,1,0.9999780654907227
После подписания закона об обязательном представительстве иностранных IT-компаний в России Rule34 откроет свой офис в Москве,1,0.9999805688858032
Скандальная скульптура «Большая глина No 4» стала местом встречи представителей московских ЛГБТ-сообществ,1,0.9999680519104004
Центробанк России провёл учения по переводу расчётов в WeChat,0,0.0012970817042514682
Disney превратит Пиратов Карибского моря в ролевую игру,0,0.000118051961180754
Футболист Тарасов развелся с телеведущей Бузовой,0,3.740950705832802e-05
Ростехнологии закупят самолеты для Аэрофлота,0,0.00017464955453760922
Ванга: «После ядерного удара на Земле останутся двое: королева Елизавета и лысоватый мужчина с усами»,1,0.9999778270721436
Гандболисты России вышли в четвертьфинал чемпионата мира,0,4.169805470155552e-05
Мэрия Норильска запретила ежегодный гей-парад металлургов,0,0.0031096958555281162
Газпром предлагают заставить пускать независимых производителей к трубе без отказа,1,0.9999697208404541
Диего Марадона убрал двойной подбородок,0,2.7400525141274557e-05
В Москве и Санкт-Петербурге выступят звезды мировой скрипичной музыки,1,0.9999626874923706
В Госдуме призвали ограничить право представителей ЛГБТ-сообщества на получение бесплатного высшего образования,1,0.9999839067459106
В России запретят показывать научные телепередачи до полуночи,1,0.9999748468399048
Европейских политиков обяжут отправлять записи всех своих телефонных разговоров в АНБ в течение 24 часов,1,0.9999752044677734
Дочка ЮКОСа не получит денег материнской компании,0,6.997632590355352e-05
"Бургомистр Кёльна заявил, что примет с распростёртыми объятиями беженцев из Афганистана",1,0.9999628067016602
ГосНИИОХТ к годовщине отравления Навального выпустил улучшенную версию «Новичка»,1,0.999968409538269
Германия вышлет 76 российских дипломатов из-за проведения парада Победы,1,0.9998074173927307
Аспирин назвали спасением от рака,0,2.202331779699307e-05
"Пьяные белорусский и российский дальнобойщики, работающие в Польше, атаковали дом премьер-министра",1,0.9999724626541138
Футболисты молодежной сборной Чили подрались с полицией,0,2.277085695823189e-05
"Директор Федерального бюро тюрем США выразил сожаление, что не сможет посетить СИЗО «Лефортово» из-за российских санкций",1,0.9999717473983765
Ринго Старр оказался самым богатым барабанщиком мира,0,3.158427352900617e-05
Группа Van Halen воссоединится со своим первым вокалистом,0,0.00042172803659923375
Наследница империи LOreal призвала ввести налог на богатых,1,0.9977648258209229
Ахметов отказался менять капитана Шахтера на газ,0,0.00013318918354343623
"Чиновникам разрешат сбивать пешеходов, россиян попросили уменьшить размер блинов, празднование 8 марта и мудрые решения Роскомнадзора в нашей еженедельной рубрике «Панорама недели»",1,0.9999798536300659
В Москве стартует онлайновый театральный фестиваль,1,0.9990602135658264
НАТО решилось на покупку беспилотников,0,0.00013337115524336696
Ак Барс усилился финном из НХЛ,0,3.210018257959746e-05
Роскомнадзор заблокировал американский интернет на время проведения выборов в Госдуму,1,0.9999812841415405
Российскому режиссеру запретили возводить стену в центре Берлина,1,0.9985369443893433
Таможенники США приняли участниц южнокорейской группы Oh My Girl за проституток,0,0.005483163055032492
Патриарх Кирилл упрекнул «Коммунистов России» в препятствовании канонизации Иосифа Сталина,1,0.9999784231185913
ВМС Норвегии получили последний фрегат класса Фритьоф Нансен,0,0.004926539491862059
Детская книга Как Путин с Шойгу в тайгу ходили начала поступать в российские школы,1,0.999948263168335
Рабочие завода «Звезда» объявили забастовку в поддержку Владимира Путина,1,0.9999575614929199
В ЦБ рассказали о копеечном ущербе от кибератак,0,3.177544931531884e-05
Социальный рейтинг россиян приравняют к количеству их антител,1,0.9986044764518738
Майкл Бэй обещает эпических Трансформеров,0,2.14555038837716e-05
В России создадут институт полевых антиэкстремистских судов,1,0.9999686479568481
Британские ЛГБТ-активисты посетят заводы Челябинска и Магнитогорска,0,0.010152362287044525
МИД России запретил ЦРУ нанимать на работу российских граждан,1,0.9999432563781738
В морском дне нашли массивные залежи пресной воды,0,0.0018797937082126737
Московским автовладельцам придется раскошелиться,1,0.8600419759750366
Программисты будут платить налог на развитие суверенного интернета,0,0.06793966144323349
Разбившийся украинский Су-27 оказался непригоден для полетов,0,0.00016814966511446983
Белоруссия впервые победила США на чемпионате мира по хоккею,0,4.597329825628549e-05
Обзор рынков: доллар подешевел почти на 11 копеек,0,3.920797462342307e-05
"Жизненно важные органы не задеты: врачи спасли жизнь TikTok-блогеру, отпилившему себе голову бензопилой ради лайков",1,0.999974250793457
В Москве зафиксированы первые голодные смерти из-за отказа ресторанов обслуживать посетителей без QR-кодов,1,0.9999767541885376
Amazon начал прием заказов на заводные ноутбуки,0,0.00010859950998565182
Объем слияний в российском потребсекторе достиг 15 миллиардов долларов,0,0.00010357204882893711
Памфилова разрешила аннулировать голоса за кандидатов от Умного голосования,1,0.9995725750923157
Легкоатлет случайно убил судью,0,3.7645742850145325e-05
Погорельцы смогут получить скидки на покупку стройматериалов,1,0.9376700520515442
Итальянский суд конфисковал виллу Владимира Соловьёва в пользу Республики Тыва,1,0.9998973608016968
В Казани отпраздновали годовщину сожжения Москвы Тохтамышем,1,0.9999382495880127
Сценариста НТВ короновали в воры за сериал Точка фарта,1,0.8846357464790344
Роскомнадзор внёс в список экстремистских материалов фильм «Девятая рота»,1,0.9995782971382141
Сергей Собянин объявил об уходе с поста мэра Москвы,0,0.0001404479844495654
Компания Sun Microsystems уволит три тысячи сотрудников,0,2.1350795577745885e-05
Японского изобретателя робота-сборщика клубники внесли в базу «Миротворца»,1,0.9957120418548584
Майли Сайрус выложила провокативный тизер нового клипа,0,6.636530451942235e-05
"Блогеров, снимающих ролики для TikTok, поставят на учет в полиции",1,0.9999139308929443
Россия поставит в Казахстан и Лаос вертолеты Ансат,1,0.997459352016449
ИК-2 во Владимирской области внесена в список организаций-иноагентов,1,0.9998831748962402
Парагвай обыграл Словакию на ЧМ-2010,0,6.234278407646343e-05
Турция отправит миротворцев в Армению для защиты коренного населения страны,1,0.9999680519104004
«Газпром» бесплатно проведет газ в отдалённые кубинские деревни,1,0.9999109506607056
Пакистан провел испытания улучшенной версии баллистической ракеты,1,0.9981537461280823
"Кактус, посаженный рядом с 5G-вышкой, засох через полчаса",1,0.999903678894043
Росстат будет считать зарплату россиян в копейках,1,0.9982423782348633
Алекперов назвал срыв контракта с Ираком местью политикам,0,3.529063178575598e-05
Пол Маккартни устроил спонтанный концерт на Таймс-сквер,0,6.255765038076788e-05
Ильюшин продал самолетов на миллиард долларов,0,2.6230409275740385e-05
Вымпелком купил сотового оператора в Камбодже,0,3.744584682863206e-05
В США дисквалифицировали выигравшего чемпионат без соперников 60-летнего ходока,0,0.0002828554133884609
Игра про правильное время: Геннадий Зюганов посоветовал включить прохождение Бесконечного лета в школьную программу,1,0.9999797344207764
Посвященные Pussy Riot рисунки сняли с феминистской выставки,0,0.42197921872138977
Орландо Блум назначен послом доброй воли ЮНИСЕФ,0,5.736467210226692e-05
Космонавт из Зимбабве заменит Юлию Пересильд в фильме «Вызов»,0,0.001191799878142774
"Дагестанцев, сдавших ЕГЭ менее чем на 90 баллов, отправят на пересдачу",1,0.999915361404419
У динозавра с самым коротким именем нашли крылья летучей мыши,0,4.8738605983089656e-05
После Братьев и Сестер Сельянова привлекли шоферы,0,0.0001372836559312418
Власти обязали москвичей старше 65 лет спать в масках и перчатках,0,0.0003055189736187458
В Лондоне открылась выставка Родченко,0,4.4230298954062164e-05
Минпромторг разработал профессиональные нормы потребления алкоголя,1,0.989514946937561
"Из музея украли соху, с которой Сталин принял Россию",0,5.2836719987681136e-05
Укрепление рубля связали с попыткой переворота в Турции,0,4.120897938264534e-05
Российские рыбаки украли 500 км подводного интернет-кабеля между США и Европой,1,0.9999308586120605
"Депутатов, избранных по рекомендации Умного голосования, лишат неприкосновенности",1,0.9999655485153198
«Роскосмос» снабдит космонавтов инструкцией на случай вселения демонов в иностранных членов экипажа,1,0.9999827146530151
Российская фехтовальщица завоевала золото чемпионата Европы,0,3.1073748687049374e-05
МВД России предоставит автобусы для встречи Алексея Навального,1,0.9999454021453857
Глава ЦБ посоветовала российской экономике адаптироваться к новым условиям,0,0.00027511175721883774
Минпромторг расширил список роскошных автомобилей,0,0.0001071726146619767
Из-за аварии на подстанции «Ольгино» рейтинг «Единой России» обвалился на 60%,1,0.9999741315841675
Для обуздания инфляции в России введут продуктовые карточки,1,0.9995811581611633
КПРФ признали экстремистской организацией,1,0.9994440674781799
Производитель детского питания оказался на грани дефолта,0,4.925044777337462e-05
Китайский геймер подделал документы ради спасения своего персонажа,1,0.5244234800338745
Самозанятых рэперов выпишут из категории музыкантов,1,0.8152096271514893
Роды в России станут платными,1,0.9997552037239075
Минфин начинает обмен коммерческого долга СССР на еврооблигации,0,0.0001347748766420409
Amnesty International признала Иосифа Сталина жертвой политических репрессий,1,0.9999227523803711
Деятели культуры заступились за дом Волконских,0,2.3775812223902903e-05
Рогозин пообещал запустить портреты ветеранов на Марс,1,0.9953204989433289
Эксперты прогнозируют стагнацию российской нефтедобывающей промышленности,0,0.001023382181301713
Кубок мира по лыжам выиграл чех Бауэр,0,2.2291374989436008e-05
"Количество газетных киосков в России, продающих насвай, сократилось на 11%",1,0.9999630451202393
"В Забайкалье обнаружен уникальный ребёнок, который протрезвевает в пять раз быстрее обычного",1,0.9999760389328003
В дни матчей Евро-2020 Дворцовый мост в Петербурге раскрасят в цвета ЛГБТ,0,0.07546114176511765
Сборная Германии по футболу потребовала у Польши открыть границу для беженцев,1,0.9316918849945068
Шарапова поднялась на седьмое место в теннисном рейтинге,0,0.0003878353163599968
"Полиции Балтимора запретили раскрывать информацию о преступлениях, если она способствует расовым стереотипам",1,0.9999682903289795
Украина будет строить Ан-70 с Боингом и Эйрбасом вместо России,0,4.841485133511014e-05
Робот Фёдор вступил в «Единую Россию»,1,0.9956228137016296
«Сделали ставку на совместную работу»: Герман Греф рассказал о готовящемся объединении Сбербанка и букмекерской конторы,1,0.9999780654907227
Собянин предложил Крыму перейти на электробусы,0,0.0006623150547966361
Белорусские точки общепита будут закрыты для вакцинированных граждан,1,0.9999642372131348
Депутаты Татарстана переименовали должность президента республики в верховного хана,1,0.999971866607666
Роснефть купила сервисные активы компании-банкрота ЮКОС,0,0.00010938876948785037
Выросли продажи бензинов «Роснефти» на Петербургской международной бирже,0,0.00024053668312262744
Злостным нарушителям закона о митингах ограничат доступ в Интернет,1,0.9999463558197021
Большой театр сохранил за Цискаридзе право на преподавание,0,7.792065298417583e-05
Украина потратила на газ 12 миллиардов долларов за год,0,3.174537414452061e-05
КГБ Белоруссии возобновил расследование убийства Кеннеди,1,0.9984020590782166
Тренер российских волейболисток сохранит пост после неудачи на Олимпиаде,0,0.00015118863666430116
На новогодние выходные ГИБДД отключит камеры фиксации нарушений ПДД,1,0.9999074935913086
Мировые цены на нефть значительно снизились,0,0.00028660421958193183
"Депутаты жалуются на двойников, принимающих иностранное подданство",1,0.9999626874923706
Юрий Семин готов взять в сборную натурализованных легионеров,1,0.9999510049819946
«Беспрецедентный масштаб подмены анализов»: МОК расследует отсутствие допинга в пробах российских спортсменов,1,0.9999790191650391
Яндекс.Такси ввел функцию «Славянский водитель»,1,0.9999104738235474
"Госдума приняла закон, разрешающий Назарбаеву участвовать в выборах 2024 года",1,0.9999768733978271
Газпром и Нафтогаз поправили газовые контракты в пользу Украины,0,0.0002516002277843654
Вступление в ВТО увеличит экономический рост России на 1% в год,1,0.9999384880065918
Депутаты обсудят ограничение зарплат топ-менеджеров в госбанках,0,0.05140472203493118
"В Санкт-Петербурге осудили сотрудницу музея Фаберже, несколько лет подряд красившую яйца на Пасху",1,0.9999794960021973
"SMS-голосованием выберут больницу, которую посетит с рабочим визитом премьер-министр",1,0.9999756813049316
«Мордовия» победила на старте чемпионата России,0,5.395414336817339e-05
Южная Корея выбрала F-35,0,5.1232189434813336e-05
Надаль проиграл 135-й ракетке мира в первом круге Уимблдона,0,2.5732109861564822e-05
Россия получит ремейки игр Kingdom Hearts в один день с Европой,0,5.3028285037726164e-05
"КАМАЗ представил не имеющий аналогов в мире электробус, работающий на бензине",1,0.9999452829360962
Мексика заморозила цены на продовольствие,0,2.6517387595959008e-05
В Москве покажут Уорхола для коллекционеров,0,0.0036076270043849945
Госдума рассмотрит возможность использования позорного столба в качестве наказания за мелкие правонарушения,1,0.9999818801879883
Россия вооружила Индию противолодочным Морским змеем,0,0.00011289669782854617
В музей Титаника в Нэшвилле передадут торпеду,1,0.8955932259559631
«Образованный революционер»: Алексей Навальный получил прозвище в СИЗО,1,0.9999656677246094
Доллар упал ниже 64 рублей на фоне дорожающей нефти,0,6.241571099963039e-05
В Румынии украли коня президента,0,8.275939035229385e-05
«Американский психопат» станет мюзиклом,0,0.13456349074840546
Турецкий «Галатасарай» на год отстранили от еврокубков,1,0.9997286200523376
Ридли Скотт покажет нового Чужого в сиквеле «Прометея»,0,4.742714736494236e-05
Белоруссия откажется от российского электричества,0,0.006220084615051746
Нобелевскую премию по литературе присудили Марио Варгасу Льосе,1,0.7289015054702759
Хоккеист «Питтсбурга» спас тренера от шайбы,0,4.2773648601723835e-05
Журналисты узнали цену первого нетбука Nokia,0,2.3150802007876337e-05
Долгое прощание Сергея Урсуляка показали на ММКФ,0,5.5432388762710616e-05
"Китайский губернатор лично положил 20 км асфальта, чтобы выполнить дорожный план провинции",1,0.9999703168869019
"Зеленский пригрозил ввести санкции против семьи Байдена, если Украину не примут в НАТО до конца года",1,0.999970555305481
Бритни Спирс возглавила список знаменитостей по версии Forbes,0,2.1336139980121516e-05
На чемпионате мира по футболу впервые введут видеоповторы,0,3.248803477617912e-05
Наномагниты помогут изучать клеточные контакты,1,0.9936407208442688
Илон Маск потребовал запретить смертоносные роботы,1,0.9999018907546997
Госдума одобрила введение tax free в России,1,0.9660491943359375
Лейкерс разгромил чемпиона НБА во втором матче полуфинала,0,2.7782552933786064e-05
Сафин выходит в третий круг после травмы соперника,0,0.01559720654040575
Центробанк отозвал лицензии у двух московских банков,0,3.166624446748756e-05
Россия и Венесуэла договорились о сотрудничестве по нефти и газу,0,6.201346695888788e-05
Валентина Терешкова предложила сделать Рассказы о Путине настольной книгой школьников,1,0.999972939491272
Бывшему гендиректору Google подняли зарплату в миллион раз,0,3.1485633371630684e-05
Россиян планируют перевести на шестидневную рабочую неделю,1,0.99994957447052
Кубок УЕФА: испанцы забили немцам три пенальти и пять голов,0,0.00028818301507271826
Уволенный президент Olympus подаст в суд на компанию,0,0.00013570698502007872
Прокуратура заподозрила Явлинского в авторитарном стиле управления партией,1,0.9999639987945557
В День Победы стратегические ракетоносцы Ту-160 дадут боевой залп над Красной площадью,1,0.9999779462814331
СК возбудил дело против авиакомпании «Победа» за финансирование Навального,1,0.9999314546585083
Криптомонетный двор Туркменистана выпустил юбилейные биткоины,0,0.0006726525025442243
Deutsche Bahn заплатит рекордный штраф за чтение писем сотрудников,1,0.9373624324798584
